{"fridge_size": 866, "correlated_recipe_size": 4, "recipe_size": 4, "percentage_similarity": [66.66666666666667, 57.142857142857146, 33.333333333333336, 35.714285714285715], "pre_post_notification_difference": {"Avocado Toast": 38, "Baked Coconut Balls": 31, "Moroccan Moufleta": 38, "Proven\u00e7al Veal Breast Stuffed With Swiss Chard": 37}}