{"fridge_size": 18, "correlated_recipe_size": 7, "recipe_size": 19, "percentage_similarity": [7.142857142857143, 14.285714285714286, 7.6923076923076925, 16.666666666666668, 12.5, 20.0, 6.666666666666667], "pre_post_notification_difference": {"1-spanish": 17, "5-spanish": 13, "10-spanish": 8, "12-spanish": 6, "13-spanish": 5, "17-spanish": 1, "18-spanish": 0}}