{"fridge_size": 18, "correlated_recipe_size": 3, "recipe_size": 11, "percentage_similarity": [7.142857142857143, 14.285714285714286, 7.6923076923076925], "pre_post_notification_difference": {"1-spanish": 9, "5-spanish": 5, "10-spanish": 0}}