{"fridge_size": 18, "correlated_recipe_size": 5, "recipe_size": 16, "percentage_similarity": [7.142857142857143, 14.285714285714286, 7.6923076923076925, 16.666666666666668, 12.5], "pre_post_notification_difference": {"1-spanish": 14, "5-spanish": 10, "10-spanish": 5, "12-spanish": 3, "13-spanish": 2}}