{"fridge_size": 187, "correlated_recipe_size": 4, "recipe_size": 4, "percentage_similarity": [20.0, 33.333333333333336, 36.36363636363637, 45.45454545454545], "pre_post_notification_difference": {"0-irish": 9, "1-irish": 13, "2-irish": 4, "3-irish": 11}}