{"fridge_size": 18, "correlated_recipe_size": 6, "recipe_size": 18, "percentage_similarity": [7.142857142857143, 14.285714285714286, 7.6923076923076925, 16.666666666666668, 12.5, 20.0], "pre_post_notification_difference": {"1-spanish": 16, "5-spanish": 12, "10-spanish": 7, "12-spanish": 5, "13-spanish": 4, "17-spanish": 0}}