{"fridge_size": 18, "correlated_recipe_size": 4, "recipe_size": 13, "percentage_similarity": [7.142857142857143, 14.285714285714286, 7.6923076923076925, 16.666666666666668], "pre_post_notification_difference": {"1-spanish": 11, "5-spanish": 7, "10-spanish": 2, "12-spanish": 0}}