{"fridge_size": 18, "correlated_recipe_size": 5, "recipe_size": 14, "percentage_similarity": [7.142857142857143, 14.285714285714286, 7.6923076923076925, 16.666666666666668, 12.5], "pre_post_notification_difference": {"1-spanish": 12, "5-spanish": 8, "10-spanish": 3, "12-spanish": 1, "13-spanish": 0}}