{"fridge_size": 182, "correlated_recipe_size": 4, "recipe_size": 4, "percentage_similarity": [28.571428571428573, 40.0, 33.333333333333336, 35.294117647058826], "pre_post_notification_difference": {"0-barbecue-bbq": 18, "1-barbecue-bbq": 10, "2-barbecue-bbq": 5, "3-barbecue-bbq": 16}}