{"fridge_size": 184, "correlated_recipe_size": 4, "recipe_size": 4, "percentage_similarity": [16.666666666666668, 61.53846153846154, 47.05882352941177, 46.15384615384615], "pre_post_notification_difference": {"0-chinese": 15, "1-chinese": 17, "2-chinese": 16, "3-chinese": 16}}