{"fridge_size": 18, "correlated_recipe_size": 5, "recipe_size": 15, "percentage_similarity": [7.142857142857143, 14.285714285714286, 7.6923076923076925, 16.666666666666668, 12.5], "pre_post_notification_difference": {"1-spanish": 13, "5-spanish": 9, "10-spanish": 4, "12-spanish": 2, "13-spanish": 1}}